customer_id,churn_prediction,churn_probability
767114958,0,9.28364291579136e-07
708123033,0,0.0002079510443058339
715424283,0,0.0024568830810830986
717865008,0,1.7143237578792407e-06
710188308,0,0.00010085824521041677
716574033,0,1.4302936444637303e-06
713183508,0,5.9415106730727464e-06
718583133,0,7.350570755574118e-05
783554958,0,2.903331988794127e-05
714418158,0,2.5934095627901727e-06
710061783,1,0.9999920638344209
716225433,0,3.422885129509469e-05
788327358,0,2.0856604654667578e-05
714847983,0,2.3587679847046044e-07
720031908,0,1.3871895827211996e-06
713700258,0,3.53384829813611e-06
721265883,0,0.0006021381774967967
715321008,1,0.9999708399175099
717831783,0,6.629571849327397e-05
711480108,0,7.10437547834581e-05
797638383,0,6.474473872788566e-07
709950858,0,5.315320045735438e-06
717060858,1,0.999968425088368
716045508,0,0.0009820676217536333
787482033,1,0.999812822924922
719601708,0,1.8237439173716077e-06
717683583,0,1.4561664461567506e-06
813905508,0,4.488280029481342e-05
769985883,1,0.7735845650721908
718927533,0,3.520373282254099e-05
784868958,0,1.3849964022159774e-05
787539333,0,5.559950316166401e-06
789871233,0,7.596311469545633e-07
826061508,0,2.4863583940873793e-05
716354883,1,0.9999650446427528
717678408,0,6.431477662253132e-05
715341858,0,0.00014965437573425132
713003358,1,0.9999685584711718
713374533,0,1.288054001852253e-05
709985133,0,4.343553688937213e-05
771204108,0,2.569684652562877e-06
713758758,0,1.777324749412997e-05
709453833,0,3.744674511482352e-05
713227233,0,1.3202213166933635e-05
714967233,1,0.9689158935255026
714358008,0,0.000117131899496985
779514558,0,6.414966387459631e-05
794498733,0,5.397528593208254e-05
793015083,0,1.0952705141465692e-06
789212883,1,0.9999954062004697
718677858,0,3.2167934302685374e-05
713675658,0,5.8746491968025484e-05
719523108,0,3.0223660983268548e-05
708390633,0,2.1165759727315195e-05
715098333,0,1.9166674539763387e-05
712060158,0,2.452814872632176e-05
716831508,0,0.0006110008081709019
778172583,0,9.66277262243483e-05
789430083,0,7.954395139907541e-06
709996833,1,0.9969449799412008
708890133,0,5.626603849615077e-05
773332908,0,6.19055329172517e-07
715870758,0,0.00011070909934521814
789363408,0,4.71339946352811e-06
779118708,0,8.76389853308189e-06
710544033,0,4.2031742612253917e-07
717500133,0,2.3320958508647487e-05
712046808,1,0.998348177968095
815484783,0,2.212446868768798e-06
713843283,0,3.6402596283075634e-06
717260058,0,5.022956371897974e-05
773383158,0,0.00023649278935274418
711041508,0,0.00014370240996720816
816843933,0,7.213921689939805e-06
715043508,0,0.00018282816668637407
717241233,0,2.6146782863515476e-05
717521508,0,5.216895752391778e-05
708331758,0,1.1391595728647044e-05
715571583,0,1.1441349247138499e-05
711146358,0,0.0001421614748004066
789594108,0,1.1215663554183143e-05
779327733,0,4.5969025272732806e-05
711391308,0,8.161578237787084e-07
718994583,0,0.0001778750001966543
718212633,0,4.9642236102241975e-06
711861258,0,0.000817154188103397
718123608,0,2.7803382937411112e-06
718958583,1,0.9378566750683778
772207683,0,3.3928964464167165e-05
719629308,1,0.9949748816110618
708303108,0,0.00035190299733247064
788957358,0,0.00010609949983173186
708727983,0,8.110812006320551e-05
714217908,0,0.0013034615236384908
708928908,0,0.0009247509889017867
712411908,0,1.1397192611670946e-05
771075258,0,0.0006024169286631742
717866133,0,7.488609545836028e-05
713652783,0,0.0003031478609602075
714076683,1,0.9999907936310408
803963808,0,2.4176102541072327e-05
778968408,0,4.994512098519475e-06
720064158,0,3.552142071410888e-06
778921908,0,5.271829126629959e-06
770878458,0,1.7000703177904006e-06
786087633,0,1.0391490734836743e-05
788752833,0,0.0004904798049805458
766006758,0,0.00013418712276122552
710342508,0,5.6189703820197785e-06
711422358,0,2.5804630547920957e-05
778574283,0,1.4792648166514091e-05
709987683,1,0.9999998848830308
821168733,0,4.054340136013443e-06
717765183,0,2.343925741851934e-05
708723858,0,8.753602237315922e-06
720618033,0,9.05650995362866e-05
718899708,0,5.475846363734378e-05
716437533,0,0.00010962905254027687
717491058,0,0.0005987664188973781
711029358,0,0.000991189180265123
716768808,0,1.5837599451849193e-05
801056358,0,3.7806410404874775e-07
779210283,0,2.892937801683319e-05
718441308,0,5.559300923469172e-07
713241033,0,0.00044349640852320873
711064008,0,0.00032487009387823255
772137183,1,0.9998018825246332
788739633,1,0.9978664045942688
708953883,1,0.999938061234023
716549058,0,6.354374234447724e-05
824789283,0,8.186889146708287e-05
788252358,0,3.162039463379211e-07
819752133,0,3.8160419615690206e-07
716944983,0,0.0011382131844749235
716545383,0,0.00033576449400874906
720836808,0,5.5921322638569035e-06
783361533,0,2.5695841761853784e-06
710893533,0,0.000366524701947824
709793133,0,0.0003074482446676053
716609433,1,0.998486959332276
715222533,1,0.9991717616588844
713597658,1,0.9916327616155569
720837708,0,0.00028059659641162336
786546783,0,0.007392740303311133
778747608,0,3.2978188877912105e-05
801385458,0,1.655752648574135e-05
720844008,0,2.286765033948008e-06
754443033,1,0.9996231052206729
799486158,0,7.931966090494496e-06
798140283,0,0.00025304556665718057
772036233,0,7.422762970130463e-05
711427458,0,0.15091973273663928
712727283,0,3.1113622622735833e-06
710754933,1,0.9999507134405196
709938708,0,4.4397469895117916e-07
710831133,0,0.0015429376101160595
715570533,1,0.9999524564171556
794576058,0,4.157291972908641e-06
786557358,0,1.6880802363999177e-05
708212658,0,7.962698811691725e-05
818993508,0,1.181771324820883e-06
718466883,0,2.7670380752577275e-07
717085983,0,9.553596218445315e-06
709986633,0,1.1254551018680092e-05
779348358,1,0.9999597990472923
752944533,0,0.0007467038752492882
712340733,0,0.000518621040724216
814459833,0,0.01142428009243737
718373658,0,5.068141622635074e-07
771359958,0,0.00017549437815916807
779198133,0,3.666538225399339e-05
788618208,0,5.003008555337309e-05
712288158,0,8.50640554981224e-05
711838008,1,0.999547058863923
710202783,0,3.5495514653639598e-06
771976683,0,0.0008881088084702422
716176683,0,3.092871341996649e-06
711278283,0,7.141375968106544e-05
715019883,0,0.0016944866257809009
720292983,0,3.443964884881119e-06
716498883,0,4.165772426022171e-05
713798958,0,5.793155337316784e-05
716939358,0,0.00010495306389584941
709005633,1,0.9996476240883364
795573333,0,1.4222590696724905e-07
771069033,0,3.761106479100529e-07
801709308,0,9.45646515197898e-06
716345283,0,4.380559322504388e-05
714835833,0,3.142409703501264e-05
779783508,0,4.913463493418611e-06
825767658,0,7.225139462345474e-07
717575958,1,0.9999262660400515
720753183,0,0.000536124933394089
711766758,0,5.403226680785792e-05
711397533,0,7.157420248500561e-05
767058183,0,0.00036565780833746237
788864508,0,0.00013275499027277826
778377183,0,1.7534532871705886e-05
710844408,0,0.0007478544354024284
714919308,1,0.9999418261494172
708874533,1,0.9999899402903676
778356408,0,2.9429441285586138e-06
769035933,0,5.526745171575777e-06
771228183,0,1.0509729630715726e-05
772539558,0,0.0009368347500169985
714045783,1,0.9999911087099339
809797158,0,0.0002140549565097256
719531133,0,0.0009709461850445556
719192808,0,1.3706583874414841e-05
720662508,0,2.0919008011812324e-05
820848408,0,3.219839330605078e-07
712412958,0,9.251424942208755e-05
778984383,0,3.4144512149560494e-06
712865583,0,4.692364210541649e-07
819997983,0,1.8696239783964106e-06
718301508,0,1.7159657889019734e-05
789197508,0,9.39522461559295e-05
809459733,0,3.245389336025125e-05
813901458,0,8.28581162363087e-06
772360683,0,0.0004747916759833057
779725833,0,1.8124304051200058e-05
712996833,0,2.746761452459813e-05
779681433,1,0.9745610789676282
787591008,0,3.127359897092309e-07
712642533,0,8.372853383123897e-06
721051908,0,3.675148721989539e-05
715503558,0,0.00013463396319028363
709841433,0,0.0010464194554581261
710424408,0,0.0010917174414882128
709592808,0,2.0845558746590117e-06
788038383,0,0.0008306679571488464
714363858,0,1.0092454192934665e-05
815015283,0,0.0005183621953746044
771336783,0,7.625838735317156e-06
738899658,1,0.9998979241666871
796170933,0,0.00315073922957517
720992883,0,0.00022822114095864246
712238958,0,2.0491133276059853e-05
718530258,0,3.173947200979998e-05
711794358,1,0.9986747776322187
716366208,0,9.400976990800444e-07
770038983,1,0.9996130247073244
709937583,0,1.0648130024002873e-06
787623858,0,0.0001284306177050624
711676008,0,0.001460739798701471
812218908,1,0.9999769446444611
720281508,0,1.4547165485531207e-06
721139808,0,0.0001256995643104962
709990983,0,0.0005293255300245316
718244958,0,0.00013865611457880854
756639708,0,0.00012159506894793343
718645308,0,1.1914189405775992e-06
717389433,0,0.0022697031590562925
779310033,1,0.9999968747480051
717192933,0,1.1577804113353153e-05
718379358,0,8.499389649261866e-07
779661033,0,5.109457017386076e-06
715880283,0,1.7110324135189244e-05
719469333,0,2.1935132349898577e-05
708974283,0,1.6419927171995473e-05
789859833,0,0.00011637312728029448
772339383,0,0.00024208321720704706
716319258,0,9.100390019427194e-07
720330558,1,0.9999923380923834
789827208,0,2.9890772195487037e-05
751450008,0,0.00010731748921940464
789791808,0,1.461336011615594e-06
717321783,0,0.0004995216873944673
712549758,0,0.001087406216718731
712470033,0,0.00033752440743422434
719291283,0,1.3030936905222663e-05
720413658,0,4.288729749429091e-06
709230708,0,0.003994710586514182
708384033,1,0.9908647163476304
715029333,0,0.0001775069875395444
771040758,0,0.0005663337729659646
711635358,0,4.7403106489582575e-06
716604633,0,0.0002496721781602233
716438433,0,8.235725411899078e-06
711216933,0,5.130941439031859e-06
713916708,0,2.0110233710040977e-05
710106933,0,7.307777439284452e-05
806189658,0,1.7863301655858926e-07
770632758,0,0.009512031682205234
789238683,0,0.001406934214003023
711873033,1,0.9992776470589577
720384633,0,1.4573084014366557e-05
712181658,0,2.3392703574633534e-06
714957108,0,3.030587018532581e-05
720247158,0,0.0013551296230773435
772313358,0,2.080894013828158e-06
803652633,0,0.00021623908017836345
771422883,1,0.9999739331917035
718009158,0,5.106861491077165e-07
712612233,0,0.0004572108240345465
709901058,0,3.4032573785814753e-06
716682258,0,5.554586049829179e-06
711478233,0,0.0050864905453236004
720040158,0,0.0001065024226972959
720212508,0,6.598955898463861e-05
787605558,0,1.8993369945088384e-06
780557658,0,0.0014188530104873806
709952658,0,0.00020293823341781497
793379058,0,4.163835145353696e-06
716971833,0,0.0002721521591422574
720997383,1,0.9995070623870737
827111283,0,0.00018373730805938787
769396158,1,0.999987511288289
820085808,0,0.0011460595492604254
780349833,0,3.853964757554099e-06
715964058,0,9.001695193697347e-06
771903033,0,3.842436885668939e-05
802668333,1,0.9998252499505732
718504983,0,0.001148937528588739
714882258,0,1.2441455650721445e-05
714211533,0,0.0019886749235741834
720198183,0,1.2831420063624965e-05
803587533,0,5.154260249216076e-07
720050208,0,0.0002046404864567982
771058908,0,0.0002625402656943003
708971583,0,5.918746237818884e-05
788812608,0,7.62818451455431e-05
805282908,0,6.963895223172949e-07
717403158,0,0.0009826792656961914
718418958,1,0.9999893217822963
721374033,0,4.278321497576155e-05
710849208,0,2.074197236537177e-05
771823308,0,0.00036195665718271545
719019483,0,0.0006174857059194819
769927533,0,1.7525538401348548e-05
718951683,0,1.0291078593486869e-06
709666908,0,3.24376314764204e-06
719857008,0,1.447900224977791e-06
788709408,0,1.3193564444331378e-05
710641008,0,0.00026936393749262536
815812683,0,5.6311800618422866e-05
717624708,1,0.9999171878993672
789398733,0,1.8346677242830883e-07
716136333,1,0.9997810812936875
715162608,1,0.9998414149780191
710822808,0,1.2563742871336512e-05
714147858,0,6.0430028053797454e-05
767333808,0,7.4943973577859e-05
719654283,0,1.2731484997893843e-06
766273533,0,3.7662164966436514e-05
779601783,0,0.0001064285373648926
711370458,0,1.5012294904713528e-05
715519983,0,5.975113052984079e-07
788782008,0,0.001531511681656173
787595658,0,2.7105042629590334e-05
758211483,0,1.8753186042523987e-06
710637183,0,3.5656821614539254e-06
712144158,1,0.9988276850328149
715378383,0,1.2937340345608394e-06
771061008,1,0.9995581001212857
719583558,0,9.08012696143526e-06
810986883,0,1.3165323214649662e-05
788797983,0,0.0045125326118904165
815104608,0,0.00018222507398773578
715369008,0,6.954923284765835e-06
713418558,0,0.0015435566140471477
708332808,0,1.2257070926565188e-05
719729433,0,6.220057299415815e-05
789022233,0,4.668698245230118e-05
714234858,0,9.832528960681637e-06
709170108,1,0.9999981551348147
779727558,0,0.0009579277160025322
708245808,0,8.328585897107042e-06
778255083,0,2.9926083445674434e-05
718755483,0,2.1436729273672205e-05
712627083,1,0.991175780836863
788990508,0,7.538360250247716e-06
804437658,0,0.0006585251932135603
778430733,0,0.0002227206133037486
808747233,1,0.9998950732368825
710555433,1,0.9901798048740178
708826158,0,4.267000052747134e-05
717023508,0,2.04556787722313e-06
719694408,1,0.9957414533276244
710014683,0,4.2897519181901964e-05
815596608,0,9.060771668863656e-07
712721358,1,0.9999605459931364
716870583,0,0.00021225450540072904
780076833,0,1.2602196734490856e-05
793616883,0,4.316846111151663e-05
789105183,0,0.00010529364700101666
817970208,0,8.586626235040492e-05
779844408,1,0.9999969082083016
719206308,0,6.15853521466034e-05
721269108,0,9.362249781542857e-06
772139433,0,2.3149221881219068e-05
717042333,1,0.999978386109489
710273658,0,4.14116741460082e-05
716626008,0,2.1248915752725322e-06
716230158,0,6.454192840951837e-07
713010483,0,0.00024779107743490585
711220683,0,3.177396061513123e-06
721398858,0,2.2722399857444973e-05
779400183,0,0.002532344366219491
789964983,1,0.9998484503544834
715102308,0,1.078899207777357e-05
712730583,0,0.0003752573195047578
718870158,0,7.937454148136951e-05
719484408,0,0.00019218576987677335
720244983,0,2.3170055632102322e-05
781306758,1,0.999612711422265
779412783,0,0.00018225211317587125
721217283,0,0.00014853946385429397
815062383,0,1.767317076154437e-05
714155283,0,2.7894365802812453e-05
716981358,0,5.1706427375221885e-05
824915208,0,4.731713521932123e-06
708498033,1,0.9996613107180212
716860233,0,1.4948246508781146e-05
709839858,0,1.868606256947879e-06
713144208,1,0.9999973701625582
708573933,0,4.928628884187487e-06
712579983,0,1.5918586675689955e-06
790099758,0,0.00026037091741288687
711305208,0,6.628941071606104e-05
720062508,1,0.9999333479309934
708205083,0,8.575932316942278e-05
772336458,1,0.9998759771272681
710986758,0,1.3362985992406503e-05
789271533,0,0.00015304170691450168
711360783,0,3.397859844007367e-05
714035283,1,0.9999296171056513
720415833,0,1.2583409578476967e-05
778873608,0,2.4895972003810236e-05
718661958,0,0.0004972989627215058
719026383,0,0.0009723423458232754
710229333,0,3.613373261919732e-05
720437358,0,0.007655995998474478
811467708,0,5.371306041025461e-06
778933983,0,4.1821669715357605e-05
719413383,0,4.840433562297221e-05
718252533,1,0.9834543971985069
718188858,0,4.715978185048191e-05
711382458,1,0.999976942356767
721212258,0,3.1806049260968057e-06
717600483,0,0.00024290027576064806
761544333,0,0.0009991273652085596
809425533,0,5.654038344863434e-06
709678608,0,1.7122046237166212e-05
713151258,0,1.129055727162894e-05
715345833,0,0.0009363999100183288
720776508,0,0.00010935306276512996
720689583,0,8.29822646220764e-06
801728658,0,0.000123659142223969
718979733,0,2.871103928333371e-05
721163133,0,0.0005701161441383186
710595783,0,0.0006727466286840545
714781908,0,3.274142519936113e-06
709618308,0,0.0004055356732753721
713971608,0,5.738680956093734e-06
718020408,0,4.795774703968059e-06
716513358,0,0.0002054781442887453
710401458,0,0.0008847316198323338
712177908,0,2.851357897899409e-05
719216508,0,2.0808907239189615e-05
711017433,0,8.496215550704739e-05
788386908,0,3.337435730683183e-05
710819733,1,0.99984136751612
711978858,0,1.613461401164816e-05
807136758,1,0.9999424644703134
716138958,0,0.00011121158388586219
713070033,0,1.660340040902803e-05
827055333,0,0.0015618756990170963
827408058,0,2.3159354413938125e-05
793608258,1,0.9999591780428192
717013383,0,1.883466113292172e-05
714320358,0,0.0038142443008963413
716948283,0,1.8810708580873746e-05
717657333,0,0.041287083825920674
788687133,0,0.0004139897081313311
710736558,0,0.0003197040458779861
708721533,0,0.00138833623251002
817108083,1,0.9998886895265893
719737833,0,0.00011342332215513396
813967983,0,2.014199371431299e-06
771464808,0,8.143123815187503e-06
713025558,1,0.9858160710067022
779016408,0,0.000426629676113963
712096758,0,1.4511856734438398e-05
789523683,0,6.195610248287519e-05
713177808,0,2.2118804872729383e-07
718777008,0,0.000784429988375516
711004533,0,8.924530998455566e-06
720046458,0,4.312763858111425e-05
710453283,0,0.05683555045906381
708736608,1,0.9995778915107565
778908783,0,7.00763102695897e-05
716056158,1,0.9999919403420993
773257233,0,7.0350578405090195e-06
711371208,0,2.1987926395503534e-06
711831558,0,1.8057272513600173e-05
712164333,1,0.999952709402784
780126033,1,0.9996260336225714
821889858,1,0.9997730469014119
779656908,0,8.216909935763733e-06
766821033,1,0.9968762842327366
789196158,0,0.0012319762912949748
714228558,0,6.795241494585959e-05
827360883,0,9.302400267999943e-05
712815858,0,0.00042231306756589
714533058,0,7.725260680391431e-08
790149483,0,1.6634376326113996e-05
771584658,0,0.00016910532649327847
814181433,0,5.1374042622756026e-05
788761608,0,2.371728313305316e-05
709009833,0,9.523937397783508e-05
708244458,0,0.00014075489301035608
797998158,0,6.954277337735033e-06
808279158,0,3.4560293624450616e-06
804601833,0,7.225219670114406e-05
789690483,0,0.0004238071488901209
819109308,0,2.0003631440120404e-05
739317558,0,7.596819535942882e-07
721305408,0,4.621823396723379e-05
716535408,0,9.986483142708824e-06
719391783,0,3.0331418469589128e-05
780602733,0,6.228408791513464e-06
789556533,0,1.1777424989945585e-06
713422083,1,0.999727771857147
721506708,0,4.36759391128546e-05
715774833,0,0.0005269493605081665
714962658,1,0.9999984214412762
783561558,0,1.3946570381141068e-05
826709658,1,0.9999863771235351
790017858,0,6.353147620373356e-05
712319958,0,0.0015407609594056595
717483558,0,8.524962643476342e-06
713985183,0,0.0001825010274003132
708404883,0,0.006597215682655822
717208833,1,0.9973927463384434
816091608,0,2.0811336335544356e-07
709087983,0,0.0002500293011733204
710763783,0,4.291398343268254e-05
719018208,1,0.9982355994250861
713976258,0,1.092284367186744e-05
709554483,0,2.2828336011804913e-05
794485158,0,2.178462363583722e-06
718795083,0,9.179803303155944e-07
826451433,0,6.093287013971163e-06
826717533,0,3.164582433840227e-05
715294083,1,0.9825659187599493
779187783,0,2.2932238514100204e-06
719513733,0,5.988387755745374e-06
709816158,0,0.006502511280113786
711720408,0,5.483810447792273e-05
714960408,1,0.9999830321875524
770746908,0,1.8669726390425576e-05
716101308,0,7.788669098159404e-05
809825358,0,1.4677510540534277e-05
719826333,0,9.422613810083807e-06
710207208,0,1.3739459187290574e-05
720128658,1,0.9993823055226944
780727833,0,0.0004762588769127227
802247658,1,0.9976426274685134
717787533,0,0.0012520642501633904
721115733,0,1.586390978723441e-05
709446783,0,0.005290479470720303
784719708,0,2.0697145838031693e-05
718570158,0,0.010051102921027573
709965858,0,5.797972932959434e-05
757594083,0,2.5842439072957355e-05
789599283,0,4.563751257886998e-05
718947558,0,1.652630546454091e-05
721147383,0,6.3568441279241624e-06
720683958,0,0.0001288943431467462
780657708,0,0.00033303127531175556
713935533,0,1.3835636181218515e-05
713948808,0,4.726032225137878e-05
715406658,1,0.9991680259423207
772640808,0,0.00027702196172980936
708496833,1,0.9988723825671503
804847308,0,2.4122764248417947e-06
716931183,0,1.0408976022521844e-07
714030183,0,0.0024513360071031446
809296308,0,3.368968000572396e-05
708358683,0,3.032135734548379e-05
794664183,0,1.2467630581772223e-05
712475733,0,0.008721782573905318
708770883,0,3.92688623533126e-05
821339433,0,2.741105668919308e-07
709206333,1,0.9994431639456522
806914158,1,0.9999986902064195
709607733,0,3.289746539969353e-06
712843983,1,0.9698632038120432
780511683,1,0.9860711094095425
709161108,1,0.9727258536321283
708272808,0,3.893351408698293e-05
708680583,0,0.00010191930853134416
708712833,0,5.938296349817043e-05
711947358,0,1.956033488567369e-05
719634408,0,2.4752126583169954e-05
718267233,0,0.00012513674119919924
715479483,0,0.0007189977516543303
711164508,0,1.1006536318685235e-05
719294433,0,7.288682543037039e-06
714412308,1,0.9994713455597279
716434533,1,0.9999625289280635
719061933,0,0.0010619949381298795
719091333,0,5.447005990187197e-05
716573058,1,0.9999844123908991
740784258,0,2.693845654965654e-06
711863433,0,0.0001695581046248104
780529908,0,1.2059328247723428e-05
715132758,0,7.105241732246795e-06
713934633,1,0.9986083181415198
827423433,0,5.818003323891777e-06
708385533,1,0.9994772699149338
789407958,0,1.4625816977641662e-05
712589658,0,4.911710220925994e-05
714759708,0,0.00010207426119801582
826068183,0,0.0006534215338856599
709913733,0,0.0026893946709106854
789744033,0,0.000180637214600373
710926383,0,3.474004682606107e-05
714052158,1,0.9998429025110291
714900408,0,0.052865377360085966
787532808,0,1.196183762175451e-06
802449933,0,2.542100892770663e-05
755996583,1,0.9999937171557336
709625733,0,0.00023538358296610386
719686458,0,0.011784775316580785
708642708,1,0.9999995436092832
790082508,0,0.00019041038574337077
713205108,0,5.714021300622505e-07
710838108,0,0.0017643087941938834
714427608,0,5.576261122561894e-07
711655683,0,3.3781240092303386e-05
826168083,0,2.5873584306039563e-06
708553008,0,0.09888081353228195
719554758,0,4.3794610103107684e-05
820383558,0,1.8065734811797812e-05
817293258,0,2.517276057964709e-05
709275558,0,0.003699955997674202
816078708,0,1.9122643164804308e-06
719490108,0,0.0016952781697854673
710410158,1,0.7490818021075855
813961233,0,4.629595492347356e-06
714259533,0,0.00018174273454709417
713550483,0,0.0001678073902073313
719073483,1,0.9993222453395592
710428308,0,4.801109263983357e-07
779340183,0,0.00023936053060591339
788820933,0,4.7254237627740023e-07
798022683,1,0.9997665811437717
717273333,0,8.505304908304418e-07
713952558,1,0.9074415977257628
712545183,0,0.010616456351372814
789611283,0,1.347535215484816e-05
713339283,0,5.467112704051424e-05
721032633,1,0.999945533864865
719953383,0,9.567245605691892e-05
712814658,0,7.383216821890644e-07
711764733,0,0.000376061442102638
715915458,0,9.43363647191665e-06
720712533,0,1.5262095766965214e-05
709984083,0,1.8209616249148775e-06
719268333,0,6.7070184964590085e-06
790048158,0,0.003300645872329392
717856983,0,0.0004828935647799385
715545933,0,2.036928570752707e-06
709861008,0,1.4123856186733539e-06
712863183,0,2.8380306984368335e-05
712423233,0,2.795276439117677e-06
711648708,0,2.0816641903914037e-05
714864333,1,0.9994611862487633
788830683,0,1.320463274067636e-05
719358333,0,0.0006292981429882933
789541458,0,3.4675070787927753e-06
711589758,0,6.335964002800568e-07
711574008,0,0.0018171754436086273
779548008,0,4.181661877866781e-05
801037833,0,2.5458340795729774e-05
720924633,0,0.0005009687275805978
718596858,0,0.0011420123084515943
737967708,0,3.797296164878809e-06
798110358,0,0.007044283461402018
789582483,0,1.0135237170305077e-06
710529708,0,0.0003054892500594494
789526458,0,5.604155405348971e-05
711039633,0,0.0026302923588431143
828294933,1,0.9980051568777542
720422358,0,4.4764344274347034e-05
720252858,0,0.0013694038231481273
788966958,0,0.00043019219180508584
714435408,0,1.890741029126746e-05
713453733,0,0.00012196307643304052
711208083,0,8.315719281484121e-07
721220583,0,6.093414498843064e-06
720205608,0,5.947440883503811e-06
789983133,0,9.66599366426554e-05
787581858,0,5.362389185400968e-05
708705783,1,0.9944765519168873
717234183,0,0.0010984347786367047
808705758,0,7.644019038282315e-06
711183558,0,0.0011168386098455102
812979408,1,0.9999535400972404
715354008,0,4.06489364893369e-05
721062408,0,0.20634957507698434
712410858,0,2.3242867542862424e-06
779116158,0,0.0015910194741269232
712866933,0,5.403365792813037e-06
710411358,1,0.9999598869018737
771881283,0,2.4918776582240497e-05
715363908,0,0.0014878518273551333
789560433,1,0.9975411582040409
709752183,0,7.37209607480926e-05
807161508,0,0.0009636922979481867
708393633,0,0.0001704369665766234
771886233,0,6.6182394023193975e-06
716930133,0,0.00022800807155256485
809937933,0,3.6742561810098407e-06
816596583,0,0.0001256866498925972
718803333,0,3.477454761926102e-05
795237183,0,3.938300613435669e-05
720419358,0,1.6252094644469846e-05
719514783,0,7.022414259374267e-06
780374133,0,4.853550741894139e-05
810868758,0,5.627805370371697e-06
714286383,0,1.174648469813672e-06
708588408,0,3.70424683808143e-05
813338733,0,7.500672496361579e-07
788826408,0,5.71213942396118e-05
713134458,0,0.0008074585240353836
716350008,0,2.0116015769091649e-07
738062658,0,1.4840378177799037e-05
709449333,0,9.614823117680017e-08
718665933,0,4.621732364662491e-05
748503708,0,1.7404655217303507e-05
807141183,0,0.000623206789760294
766381908,0,3.642442145798529e-06
822112383,0,1.0142249815228176e-06
709061658,0,2.2256456466680777e-05
797166633,0,1.4868266361739632e-06
789435783,0,4.3953214470326065e-05
708266883,1,0.9998803040247409
716793108,0,2.9614814421766786e-05
712253058,0,1.9040229241470085e-06
716430933,0,2.4743486837521566e-06
715746633,0,0.015866198109235126
714842208,0,6.391584259060379e-06
713879283,0,0.00013252193403112716
778679883,0,0.00012526864704562608
712110333,1,0.9999935674054309
720724008,0,8.836296717404209e-06
708387933,0,0.0002825025461428795
712165308,0,2.401560630145144e-06
720283758,1,0.997484266978878
708473133,0,0.00019708139513966772
810493458,0,3.3288076279860084e-05
711122958,1,0.9996815818207736
721502958,0,0.0012536793162115987
715908558,0,0.00030568988807008404
711594858,0,2.2266460414341743e-05
789513858,1,0.9999797463901274
712795833,1,0.9944661683501451
719628033,0,0.0005032779249905889
718282983,0,2.4109939210740715e-06
714121983,0,2.0224266025171606e-05
709791333,0,1.4397512236500356e-05
779916408,0,0.00032475281489760354
711657783,0,2.3897962422255363e-05
780203883,0,5.67537034278637e-05
709367433,0,0.0014312794966050326
736145283,0,2.3228417164035627e-05
711516783,0,0.0005881541131071093
712104333,0,5.35849384696455e-05
711116133,1,0.9998846418066063
712988958,0,3.954852106927044e-05
771201408,0,5.567647722784989e-07
712011633,0,9.15684238099736e-06
713579733,0,3.061351494057527e-05
796544133,0,0.00014838770769521784
709272333,0,1.4560391500680234e-05
715153158,0,1.9147251771266177e-05
779342958,0,9.397057923288306e-05
810545733,0,5.126752319225271e-06
805453908,0,1.3337690133020312e-07
817086783,0,3.1859155743529795e-05
714943233,0,1.445031637399245e-05
789097833,0,0.00013756153872056246
759584958,1,0.9959225776537508
708886533,0,7.030197172686317e-08
708761733,0,0.0032253209706645984
711600033,0,0.00015980941858763112
769935783,0,0.00010064803513825231
717446208,0,5.861782342249428e-05
721121283,0,2.8030156927577315e-05
819151083,0,1.838726780441573e-06
716470683,0,1.8845710760084672e-05
779643858,0,0.0001631055387671228
787665258,1,0.9999530433723303
787475433,0,0.0002795970937429164
717448383,1,0.9997702406777054
710812533,1,0.9999892071969324
716461683,0,1.7683945086401265e-05
814571058,0,7.767358900635916e-06
712071708,0,0.005849023486000281
720769533,0,0.00011912931778690259
794581533,0,1.0908351924565115e-05
715732533,1,0.9907306910618091
708286683,0,5.865709419613273e-06
708543258,0,2.3472949584112658e-05
713809833,0,4.297852504416856e-07
793636308,0,2.147860055034847e-05
789095958,1,0.9996744656855864
757722708,0,1.0682016424846189e-05
738627708,1,0.9989861894691969
820353558,0,0.0003395320722258391
718739508,0,0.013934398809578129
788943333,1,0.9762160719717384
708397008,0,5.850913513275905e-07
711392508,0,6.570158006963705e-05
780653208,0,7.736110053809522e-05
710251608,0,0.0003600637583164691
719354433,0,3.3772056362376628e-06
710676483,0,0.0002542203556368495
826414083,0,5.6524801335476995e-06
720673008,0,0.0008935079143349657
716736858,0,2.144723278497102e-06
715660308,1,0.9990526727305844
785387883,0,0.00011638202253356495
721028283,0,4.171567818057337e-06
717797658,0,2.0407514615911906e-05
712390683,0,0.09898263640422558
717965808,0,0.0001028675540083223
721514883,0,1.6505269573970265e-05
718477983,0,3.418925131986656e-05
719671383,0,0.00012982131443719085
711191808,0,0.0002521372229405209
708637758,0,0.00010814083178399207
794675058,1,0.9999482184699926
720508233,1,0.6518091378919842
713094483,0,0.0006043903400702811
780064983,0,0.00012554907455117025
710155158,1,0.9999575155351527
710904708,0,1.9352628564802374e-05
801715383,1,0.9999813301545677
806889633,0,0.00010409477115304902
794831733,0,3.744152619649348e-05
712019883,0,0.0002068612941342066
770956158,0,1.9563955357846725e-05
778386033,0,0.007564181088036116
708147108,0,2.0750647623547134e-06
710310108,0,4.768791257140069e-05
771982083,0,7.179102991909139e-06
714754533,0,1.228816440448451e-06
717626508,0,4.859375576313871e-06
718328283,0,8.556830623382071e-05
716739258,0,0.0007744756372067509
714277758,0,0.008351802002151444
720210483,0,1.5654976153079046e-05
720411183,0,7.940662144625407e-06
711379083,0,1.6997847265919982e-07
798558783,0,3.428041408042121e-07
713363583,0,5.497165228737861e-07
720339558,0,1.2215540751648545e-05
715008858,0,3.0952892179669817e-06
779037408,0,0.0007748268634707336
721513833,0,2.417797576734562e-06
714311583,0,2.7974490944739123e-05
797414733,0,0.008826603443866828
716864733,0,0.0005742797011899363
712924383,1,0.9996910450177763
719854008,0,0.0017032232006099805
771630783,0,3.02440345353137e-05
771471708,0,3.91330660485563e-05
769463433,0,5.9803629617249196e-05
711377808,0,3.751546934861473e-05
713133258,0,9.530012474798324e-05
718162908,0,0.0248435921860573
713257083,0,1.060037534149382e-06
772687983,0,1.260560743765549e-06
711535158,1,0.9975894902202139
799700208,0,1.4538248383802151e-06
717177783,0,0.0008308712219301813
711402333,0,0.00025321105626765355
714304458,0,0.0004606631278394745
713347608,1,0.9998780673852029
718303683,1,0.999956891071341
714317058,0,8.38599377836328e-05
718152333,1,0.9999932207694321
716385033,0,5.2266352474005926e-05
720674133,0,0.0029820844184912216
719153433,0,4.719931303011765e-07
712765158,0,0.0031429361754895372
713229633,1,0.9999541748594525
712256358,0,0.0003719592975933811
717656433,0,1.218420093279619e-06
771081558,0,1.1405798446354328e-06
710702733,0,0.00014080282248668774
779612808,0,0.0004612349035456708
713904708,0,1.6371795273230289e-06
716546283,0,0.00012280470948610703
711670308,0,0.0003279141814179271
710856558,0,3.3225023872828716e-06
713639958,0,9.234302903507792e-05
716987358,1,0.9997892060827972
720008133,0,1.7388471912009436e-05
710084883,0,3.420174290871697e-05
816476658,1,0.9583960448411808
778486008,0,2.8063854952789156e-05
769053033,1,0.9999624468064733
716171358,0,2.1021976063843594e-06
772684833,0,2.0550487976606874e-05
709485033,0,9.378465616266033e-06
713352183,0,8.868069548144298e-05
712557708,0,2.054932180495894e-05
821149008,1,0.998793252235943
711816108,1,0.9999923496374112
712532058,0,0.000891654916537782
718811058,0,6.616650930752984e-06
713696808,1,0.9999877184000163
753233733,0,5.060598152279427e-05
717030633,0,0.00031095887838489034
718320933,0,2.2951993615274583e-07
714608583,1,0.9997740353857195
715942683,0,2.6348382459418257e-05
771356508,0,0.00014451360626904536
711326583,0,0.0018704472543693044
714621183,0,3.939509991226695e-06
712805658,0,2.4040747681906812e-05
808981608,0,5.369264541702207e-07
718337733,0,1.667612175863385e-05
715921758,0,9.74705869190393e-06
779803008,0,2.0001104951103076e-06
717195933,1,0.9999998736159335
712562433,1,0.9999691766242953
769578108,0,1.786746359644754e-05
715442958,0,5.542299350653868e-05
708402333,0,2.893359322511094e-05
719334408,0,0.000567330838025252
788246958,0,1.549624870563769e-05
780336258,0,5.856735683132009e-05
772706283,0,1.2885298227905205e-05
780684933,0,5.682588131694641e-07
712927383,1,0.9999974940801797
712820208,0,4.470862647503538e-06
721434483,0,0.0006096297050022818
720659283,0,0.00047797835191758096
716004258,0,2.2062418121074277e-06
713111883,0,0.00031890609192647293
772248408,0,0.0008295745732639334
787492908,0,2.1363491389045394e-07
718227033,0,1.5182984714003875e-05
711320508,0,3.135250352916888e-06
718828083,0,4.450020151199656e-06
709823733,1,0.9902280129690815
772116408,0,8.3359165857988e-06
717355533,0,2.087472425891353e-06
715932708,0,1.622085915513927e-05
719679858,0,0.0014004446591219083
772323033,0,1.6356686596575703e-05
714168183,0,0.00033294650086653383
710719683,0,1.1274288271041734e-05
719876808,0,0.00033913915729119035
778894233,0,2.8804233966165867e-07
712881483,0,0.08352411905134008
789481233,1,0.9997659077295319
714767508,0,0.00011865361169107165
789144633,0,0.004119872285881417
710635083,0,0.0028921575535224785
711557508,0,3.04505411709844e-06
720650208,0,0.0009133775792774709
810856833,0,2.924690599252481e-05
712828533,0,0.22906411759926976
714503433,1,0.9999953411508556
817245183,0,5.339829848349466e-07
709106358,0,0.001410184867735253
720179883,0,5.240489272253712e-05
816756783,0,6.980773381484846e-05
812501358,0,2.6958396288743518e-05
717203958,0,9.517206962669672e-06
719661558,0,0.0002882467488970146
716297658,0,0.007795625398412668
756065433,0,0.0023563413210050213
717076458,0,8.801057752494183e-05
716586408,0,6.414784354681686e-06
719776608,0,0.0178063522842952
710268858,0,5.189490132826716e-06
719400108,0,1.6781545755874165e-05
715398858,0,0.0018591408991177737
717359208,0,1.3363147721640637e-06
788595183,0,7.482184129709592e-05
772082208,0,1.1964327855413573e-05
720770883,0,0.00022944630628620605
716263533,0,1.1940638434412156e-06
719848008,0,4.7561295086591766e-05
717073308,0,0.0017763330922159427
716277558,0,0.001021638692490515
712010358,1,0.9999197516995655
709319658,1,0.999886506866302
794665608,0,0.003996762744086192
708997833,0,4.876478269402889e-06
717135333,0,9.218117406907308e-06
795784008,1,0.9999669399411907
711728208,0,2.278406355739196e-06
737925558,0,3.571686748323985e-06
719147208,0,2.514124761504452e-05
715941633,0,0.0017263370359701438
714078558,1,0.999964121388092
719453283,0,5.888970447624613e-06
794507133,1,0.9996390958126281
710790258,0,9.145004789735394e-05
755953308,0,3.032079064283944e-05
712710708,0,0.0008485179108629207
717843783,0,0.0007534035722706495
710297133,0,1.918355648510283e-06
716222808,0,8.137556733455671e-06
714069858,0,0.0003536481379207818
787659483,0,0.00011619380198576732
757167633,0,7.848706041625257e-06
717207408,0,8.478874560753649e-05
778224858,0,9.122207846111305e-07
709103358,0,4.350751043867077e-06
816829608,0,0.000917620208445041
719838558,0,1.016906574888401e-06
718161708,0,0.02626979625862145
717382608,0,1.9463408329909767e-05
711762408,0,1.1857768775923621e-06
811571733,0,0.0002508147976760703
779403558,0,2.0082360096780734e-05
718399233,0,0.0014382467923046954
711343233,0,0.0006137666575260316
779536233,0,2.5325861408068274e-05
718893333,0,5.674236234996757e-06
716697708,1,0.9999007581870684
708788583,1,0.9999331649690786
713808633,0,1.736715050275095e-05
721210158,0,2.0578874272948533e-05
789666333,0,1.3560881481392767e-05
710872233,1,0.38313325434436085
780497958,0,0.0001181012997057216
798047583,0,0.0012207506119090738
817089408,0,1.541384517288675e-05
787472283,0,2.9035605365025e-07
801786483,0,0.0002522514243694425
709040508,0,1.6270413903074648e-06
709257708,0,2.316381929001073e-06
753118533,0,1.615110705039706e-05
812222208,0,0.008420022318313092
714187533,0,0.0011535482340556875
789180933,0,3.6097764216381085e-05
718140783,0,8.585789716599781e-05
713924283,1,0.9684227745207001
713236458,0,0.0002329760610524049
816315558,0,0.0011311252711644502
770135358,0,3.7495354562073314e-06
714284358,0,1.9422025392707064e-07
712965183,0,1.0291996642545861e-05
713668158,1,0.9975176022676491
784819758,0,1.355960854428261e-06
712025958,0,8.321034694898591e-06
713653983,0,8.288067049676094e-07
712619808,0,1.4655416354309366e-05
710086308,0,5.709321161590989e-07
711781233,0,2.991334732404011e-05
708254733,0,0.0011374674410971292
788930358,0,0.00011497322022101388
714361083,1,0.9997241585591744
713253858,1,0.9999196812338813
771020133,0,0.001938941584482663
719593608,1,0.9999503406118746
714407058,0,0.0002156791634185821
721282908,0,0.00031721032476655675
771507258,0,2.316623011142469e-05
716285358,0,1.9593460638598578e-05
711985833,0,0.19067823101064182
717182883,0,2.8175621968359174e-05
714618333,0,6.807832317253096e-06
709443633,0,7.065830292742929e-06
778180158,0,1.1881473412715166e-05
713755458,1,0.9999820100225456
767269908,0,7.175501356807898e-06
778231983,0,1.0032986594396233e-06
769911858,0,6.363903947146946e-05
711866358,0,1.0279581550683185e-05
774437583,0,1.6651341057283794e-05
711232608,1,0.9998987377311822
721315233,0,1.4196601356081246e-06
713401758,0,2.058027177787499e-06
769438608,1,0.9999004488710916
713172408,0,0.0002943599573061512
778425408,0,6.351836649578677e-05
718611333,0,4.417297530356692e-06
771400608,0,0.00021445947790853226
719990358,0,0.0002043065302404733
714250908,1,0.9999716324115868
715992558,0,5.031658029115164e-06
713181558,0,8.983251363438905e-05
793597833,0,4.449217722408054e-06
816013383,1,0.9999782300826937
715518783,0,9.31008298894086e-06
779353083,0,0.0029155772021591327
719881533,1,0.9998982731245092
792864858,0,0.00013295094391662477
808681158,0,0.0007229035617889717
717390408,1,0.9998573400246781
720551733,1,0.9999812527291579
772273983,1,0.9999984598665957
720648483,0,0.002077618405451628
721486908,0,1.534584749432045e-05
716657058,0,1.904759919023798e-05
713630733,0,0.039170190311303456
718586133,0,6.709991337500898e-05
717482658,0,2.9750847168947825e-05
718503108,0,5.3070755891638736e-05
714148758,1,0.3859436052785172
708902883,0,9.164820927891591e-05
771499233,0,3.377942077561855e-06
714113658,0,2.899064335201835e-06
713231658,0,5.2975773725494603e-05
708319908,1,0.9999832329271966
715629783,0,1.9437516030732234e-05
820587258,0,0.0007438980402995281
771852483,0,0.00013064487054143944
712578933,1,0.999789629522079
711263058,0,4.3731341419623495e-06
779405133,0,2.7721876693966803e-06
716094333,0,4.686725407293124e-06
778837083,1,0.9954582516567247
712434708,1,0.9999909918346501
771431133,0,0.0008933377520868387
709716258,0,1.5357542029854382e-05
710464683,0,5.4307295247553225e-06
787543008,0,1.213224924023729e-05
709363383,0,0.00017250065850401604
817988433,0,5.707740762097043e-07
717189183,0,7.628590905057961e-05
710854008,0,0.0033791083301407763
714531108,0,4.938836353538112e-05
778420383,0,3.556424070496372e-05
809068983,0,0.00019382409404662316
713131158,1,0.9998690218188839
709649958,1,0.9998934624526309
754886958,0,2.3186049729981297e-05
713476758,0,4.078128994662559e-05
709473708,0,1.6637509709547254e-05
708190158,1,0.9941905459302051
719813058,0,7.095792987505397e-05
708158133,1,0.999700517259741
815826708,0,6.274774731895843e-06
712682583,0,8.799681001183095e-05
714917583,0,1.2811142631471236e-06
711577458,0,3.797517676360708e-05
717623583,0,3.244834561440458e-05
708899283,0,0.00026428905319103764
720249183,0,1.2121336819087162e-05
718653333,1,0.999996928247428
721424583,0,4.25530577709343e-06
708451233,0,0.0005039411197947734
788122533,0,0.017998541238149767
708298233,1,0.9987426469861735
711935283,1,0.9991509119423896
769892058,0,7.109876576034297e-05
717954333,0,3.28344250421996e-05
820108008,0,4.06390006283758e-05
712840608,0,0.0001257392980038777
817240833,0,1.3349282649884323e-05
771051783,0,0.001085422077954631
779895108,0,2.3182561354976947e-05
714811533,0,0.0003134894680928923
714945708,1,0.9838955423551606
712925808,1,0.9999711962401193
712302783,0,0.00020730430347059732
710725383,0,0.00014889147576432532
708710283,0,2.6558930300601654e-06
708382083,0,0.00058546373037188
767404083,1,0.999958419907249
773297508,0,0.00028101827615304576
717478983,0,0.00015433299849195082
709679658,0,1.3126084055802132e-06
721427358,1,0.9999405923337326
718178583,0,1.4117464279392311e-05
718489608,0,0.00013052040941137114
721349883,0,0.00372422765525322
787505133,1,0.9995933807117697
711521958,0,2.1244856177014202e-05
708271833,0,0.001523829403257698
711242058,1,0.9994738120925049
718524783,1,0.9999632100040999
715050408,0,0.00011066148136508645
757527033,0,0.0004124368619290565
717580458,1,0.9999005231218723
714938733,1,0.9999960340143558
719170683,0,9.799805524971586e-06
715347783,0,0.0015641747982070519
790108908,0,1.293637525558451e-05
789218433,0,0.0005119592031987996
789469083,0,0.0001638640261686054
715797783,0,7.749083144156981e-05
713761608,0,5.1344672361270184e-05
771669183,0,3.6341942413569283e-06
779521533,0,4.270678893996252e-06
715554708,0,2.7544809650061082e-05
767687208,0,1.3323363494981134e-06
708655983,0,0.0008903086249297462
720729108,0,1.0470641158965695e-05
708722583,0,5.943323423010715e-06
715371108,1,0.9998969259552752
797238108,0,1.9639429673499145e-05
718640508,0,0.0009127575669189173
709487058,0,7.325737684560704e-06
712948383,0,0.00015740000978825322
708469533,0,6.725858292676274e-05
709104333,0,0.0037390767220867355
755420433,0,0.00010980332641403143
718996758,0,0.0002817350125064652
719445633,0,2.472776179543956e-05
709231683,0,0.00016893843123641554
708846183,0,8.180048136924815e-06
826723308,0,6.628815061963853e-07
710825658,0,1.2109595599914742e-05
796931508,1,0.9999730533492677
808753758,0,1.392805356950022e-06
789494133,0,0.00069193678123723
816312633,0,0.001615858470718692
720029508,0,3.063150930555324e-05
714971583,0,4.442884166895517e-06
789325008,0,3.5906649951667835e-05
713287608,0,0.0005145363513079599
754872333,0,0.00015948887616977763
713573508,1,0.9999958824840964
718875483,0,9.96587865042846e-07
780237033,0,0.0012313135300213633
710363433,0,0.00036668444752334286
795232683,0,5.226023967294408e-07
719577258,1,0.9999377999185821
717400533,0,0.003740907601455737
713047608,1,0.9996583689940058
716645883,0,5.574518738686871e-06
709707033,1,0.9999514665463921
711112683,0,0.00038383116248214054
799723908,0,6.928714680203379e-06
712290258,0,1.7234053680112308e-05
710462433,0,1.3262505189875777e-06
812446158,0,8.27826057070785e-05
788741733,0,1.269523224275305e-06
780201633,1,0.9999278004053065
713656308,0,0.001336025272906876
710749458,0,3.847460825089594e-06
817142433,0,0.0006155671242152966
789491058,0,0.0009163812317636817
812488608,0,1.6017216957618093e-05
710563458,0,2.1421226045347684e-06
716013858,0,0.0002817687388030058
717890583,0,2.184254027961901e-05
789540108,0,9.472799229258574e-06
708753633,0,0.00020126327591896639
772776033,0,0.0008367602483948652
751283658,0,4.513839717659086e-05
711237633,1,0.9999778370392758
817197333,0,0.06618586830159025
718737708,0,0.00011021331862728739
710507733,0,1.2687313162877988e-05
712979133,1,0.9762275155363124
717975333,0,5.4672716352495966e-05
787563858,0,5.7225885092661824e-06
779442783,0,1.6923151002329917e-06
720608658,0,5.827909172652649e-06
714524583,1,0.9999452891343328
713580633,0,0.001075546582067356
712214283,0,1.258041085389945e-06
720190083,1,0.9999994701396798
718394658,0,4.9159782645358415e-05
708615183,0,0.00012357134534984505
827476983,1,0.9085682578178733
803335008,0,4.8177050757618015e-06
711658758,0,8.790612187263146e-06
721232058,0,0.0011153704271847737
809599158,1,0.9999839623104336
717127083,0,3.0171510464910992e-05
709243533,0,6.504771394507229e-07
711267633,1,0.9999547721495159
809849358,1,0.999823236569495
720708183,0,8.85557583122372e-05
805259733,0,0.001221869989331481
712660308,1,0.9999332204690161
714296358,0,0.00024911618234801957
823578483,0,2.8013508296329175e-05
709749483,0,5.2106232826567507e-05
715215108,0,1.180156683336673e-05
718415133,0,0.0019481384175439808
710500983,1,0.9915714839988753
714970458,0,7.830451673010852e-06
708931908,0,1.4181119968023434e-05
749571633,0,9.193982495503918e-06
801508383,0,2.4623527541275575e-06
717185658,1,0.9999876893767062
812618883,0,0.0003443706447961641
819002508,0,2.6110927545463632e-05
710218233,0,0.0001572568577586612
719344608,0,0.0008417064727556252
718464258,0,0.00036562359365647004
710512833,0,0.0008197623358837235
718032483,0,5.450869376085236e-06
710159658,0,1.2683940156024148e-05
715765758,0,4.231417373429133e-05
811700058,1,0.9496659909883128
806824908,0,2.392862182568257e-06
712428333,0,3.484596391279924e-06
710971908,0,8.768678481512112e-06
718011783,0,1.8515235839049893e-05
721399833,0,5.472768067297743e-06
710975883,0,2.9382188829734744e-05
712420833,0,0.0001282346468063994
803115258,1,0.9999039775665284
721005108,0,1.0044735824815452e-06
788610258,0,6.5474942610706026e-06
716159958,0,2.4199276005878732e-05
789231858,0,0.0004051895666814027
719123958,1,0.9999880705873929
719337408,0,0.08130861082456317
779486433,0,7.778386033865483e-06
817337958,0,0.00039326749558212204
712774908,0,0.0050609164215772995
813234108,0,0.0001749811988850082
792524358,0,0.00027520443439828923
719282433,0,0.00020139658936600363
720299283,0,5.229543929935701e-07
709479558,0,0.0005516747354396673
716102583,0,0.0003247817967854058
713733633,1,0.9817878041095699
795155433,0,8.175605096374207e-07
711783483,0,6.462085756853214e-06
721532583,1,0.9868822661140867
714753258,0,2.7279439661963355e-05
721055058,0,0.0002887867088657615
720510333,0,1.122700819476559e-06
718146258,0,0.0006477310487676734
715664808,1,0.999937876698782
719964933,0,2.6726109665511044e-06
709173108,1,0.9999904864506801
719722308,0,0.001707132404961017
719666283,0,0.0001766427359054732
780006783,1,0.9999843529824832
715601808,0,0.00012001882557315245
769720683,0,1.2502641652449759e-05
765692658,0,2.1000634090157716e-05
717819633,0,2.979611275847586e-07
718699683,0,1.1586096816314645e-05
797169633,0,6.217621772138691e-05
710636208,0,2.967474899649745e-05
709309308,1,0.9997317165324737
819690933,0,2.8388553863442238e-05
711615933,0,7.817859685703595e-05
714933783,0,6.153658602269902e-06
778643733,1,0.9997853822208694
712867983,0,0.009259221906236417
718939083,1,0.999960263465355
713512308,1,0.9889214315142589
790123983,0,3.0787007969164135e-05
711153783,0,1.22076722895407e-05
744483633,0,0.001876785325575658
719971458,0,2.3120901604630252e-07
716506083,1,0.9997694320929016
716329383,1,0.9970973604400949
719719158,0,7.097047093719367e-05
716107158,1,0.9813182388913643
714477408,1,0.998131355935084
773146383,0,0.010770491378134418
708635058,0,2.1059035828647687e-06
803421108,0,0.00045847709816239786
716210283,0,3.685208617539265e-06
711315783,0,0.0029397738796651885
712489158,0,0.0006068852923089317
718576908,0,1.9273476726238025e-05
753208833,0,0.0040466994255032775
798546408,0,1.5068646786474112e-05
827114058,0,2.759768142009027e-05
771453033,0,0.00031996266999102915
718452633,1,0.9999984184474928
718026858,0,2.3272753966388156e-06
721181883,0,2.6057159777477332e-05
717609633,0,4.421021400434868e-05
710927733,0,0.0001470215542601172
711551958,1,0.9999887656367554
716365233,0,8.565905609614077e-05
783121008,0,1.4310209969870914e-06
716780283,0,0.000206107062134394
718471758,0,2.375007316640949e-05
756571983,0,0.004422540805266309
714700158,0,1.0937892787861605e-05
794191008,0,1.3590907677081131e-05
711000933,0,9.810897190198793e-07
789025083,0,5.489246197017142e-06
717074283,1,0.9997765264929402
714243408,0,0.0002401579079793031
716462658,0,0.0005961099508800608
719944458,0,2.65725873917589e-06
718866633,0,4.171016378645645e-06
714247458,0,5.093076994163242e-05
783910008,0,3.337325943838208e-06
714294183,1,0.9999829011571837
789530208,0,0.0003428648777674172
714389058,0,1.867767646677525e-05
772661808,0,2.231124698350367e-06
710135058,0,0.00010641297401880398
716805408,0,2.9540449516841663e-07
789304983,0,0.0004217639585729257
743912958,0,1.5965144923060203e-05
715311183,0,3.5221862061016297e-07
720264783,0,4.811086876966281e-06
788771733,0,3.6111829131421607e-07
711724083,1,0.9974645420983674
717628608,0,0.0026957521365767287
712319058,0,0.0005198016412123451
772231233,0,0.0011154957434832372
715315008,0,0.008162258279796381
778853358,0,0.0005293045554354394
714581358,1,0.9999914025022297
710810883,0,4.4263123738723924e-06
709879458,0,2.9349870656003805e-05
811970808,0,0.00017759836852004418
720015183,0,4.738755173170519e-06
708907833,0,7.675454255102545e-06
826261008,1,0.999945973359515
794682483,0,0.00021483784505499395
708098133,0,1.571284580192432e-05
711069483,0,0.0018720732934412929
709537683,1,0.9995876324970604
710770383,0,0.0012303515275307597
809811858,1,0.9999278098662685
772216833,0,1.2161117002427472e-05
717830583,0,2.486812175506878e-07
713779908,0,5.6202158059318375e-05
712507758,0,3.09194545092455e-06
716093133,0,0.00011128427369753896
817382958,0,5.7636351248805156e-05
714400308,0,1.7004415934010375e-06
789466008,0,1.5873625466862607e-05
710289783,1,0.985200264931212
712659408,0,1.143913807623281e-07
788791383,0,0.0022447323870259613
709822008,0,8.141951981793575e-05
816615633,0,0.029204718348537405
718521258,0,0.0022541659890730733
713533983,0,4.14265164082711e-05
709444983,1,0.9994422742593794
717405408,0,1.7674686594229134e-05
753226158,0,9.171303173257978e-06
780384483,1,0.999491083185727
720096558,0,0.0016086164917881109
778567983,0,1.1935060139339923e-05
711649908,0,2.221107157359681e-06
718038483,0,3.5556487475857248e-06
719519058,1,0.9998913515736361
770985633,0,0.00013926483292782304
713600958,0,0.0003138001176814819
719801508,0,4.236493059351395e-07
713686008,0,6.394117913860941e-05
720401658,1,0.9980471813590459
715572783,0,7.1296886658231665e-06
817908783,0,6.969206944319065e-06
712361583,0,0.0006297867649272921
709108533,0,1.4092833450709023e-05
718490658,0,0.0003563190158129112
790006383,0,0.02637122391567947
710744433,0,0.0005437056356704161
780865308,0,0.0009827042252973498
716643033,1,0.9999949653519385
789241308,1,0.99998978473015
721344858,0,0.0007575140799028897
717050883,0,9.80682188334568e-06
788979258,0,1.2430744976507112e-05
719125158,0,0.0036190398137599567
709545333,0,5.551496065540542e-05
721165608,0,1.9709184949292803e-05
714652383,0,1.210703934709186e-06
737921733,1,0.36817922970532807
804428958,0,9.557539821602953e-06
720075558,0,0.0010431942746785524
769676358,0,5.378966341089164e-07
716378658,0,0.010686669224886963
714479358,1,0.9536893564948837
712141683,0,0.0011694973508873995
710005683,0,5.102577360505036e-06
721228308,1,0.9999987162543813
758833758,0,0.024471990984360883
787565433,0,0.0004059152187524469
780253533,0,0.00014614089662768118
714595983,1,0.9999997961594469
709547658,1,0.9999464923277633
711801933,1,0.9998672955950344
715808808,0,0.00010130029655772707
711294258,0,8.582051452502285e-06
708542283,0,2.3650198963952778e-05
787514433,0,0.00013786770638387293
779773533,0,0.0009697797046353589
807964908,0,1.6026530474549047e-06
757753083,0,0.0028905114111066905
779331558,0,0.0003287316624103239
799026633,0,0.00406387153774715
719898108,0,1.7566331372762777e-05
711252258,0,0.00017187565321871197
719724933,0,3.2355605709362407e-06
715413483,0,5.201811036133679e-05
751518633,1,0.9990363574674895
742552683,0,3.7686970161055117e-06
756598833,0,0.0007011089468374095
794562783,0,8.657329889591522e-05
779942808,0,0.00017031874760180328
789151983,0,4.76065833067503e-06
779598183,0,2.269486743077118e-05
720714933,0,1.4089349573517533e-06
708536283,1,0.9996623782379462
714548733,0,6.621267944413058e-05
713796033,1,0.9770088626935105
770817783,0,1.7733128559292353e-05
716032233,0,3.361047631390252e-06
719806233,0,3.586910523669697e-05
712835433,0,0.00010760132237117197
713975433,0,3.212690986331783e-05
715076358,1,0.9996674361681517
720731808,1,0.9956011756081692
714616308,0,3.6617792588087036e-06
717502083,1,0.9977376584333987
789362058,0,0.0002121330143354886
794530608,0,0.0005169893860194284
709007883,0,2.6586685805909853e-05
709219533,0,0.00010905035858773055
787723758,0,4.371133189725887e-06
710968008,0,1.4202697468537702e-05
780638958,0,1.5494064131808754e-06
716951658,0,0.008613492088803704
715956258,0,0.0027143737806684144
785119833,0,0.0008780048542418485
710723958,0,0.00011967284932119282
714011358,0,0.001913833955581986
717724233,0,6.253595500935196e-05
754671558,0,0.0006879657025688214
794514108,0,2.875684886750881e-05
719385558,0,0.003512307037739964
712637283,0,0.00014685155471925125
714222183,0,1.3470275777794601e-05
709175208,0,3.4436788160018706e-06
717112533,0,0.027785703531290982
714426783,0,2.1143114043880087e-05
721448283,1,0.999856887160428
782548758,0,5.7046337160149737e-05
717561108,0,1.5372478913080157e-05
720585183,0,0.00026962408656402547
714643983,0,7.621194361038297e-07
712291308,0,1.2160845231574412e-05
713036208,0,4.846926810337656e-06
709979583,0,0.0005738304971019618
717517758,0,1.629163199225231e-05
717271983,0,1.2398500825811291e-06
718528008,0,1.9026814716673953e-06
719118708,1,0.9998711647849153
708657033,0,2.5733150459843512e-06
717489033,1,0.9800143464510979
818926833,0,0.0066066407580096026
708338958,0,2.8383211830183405e-05
827683383,0,3.0486928466757936e-06
717099408,0,3.3722999975426865e-05
716878533,0,0.00011996910350958204
797410983,0,0.0008066145063923431
789625383,0,0.008635065177574572
709701558,0,1.183029992628405e-05
708334158,0,3.074592789226389e-05
710638233,1,0.9951073909761373
794496033,0,9.310110106462775e-06
709738008,0,7.331286220298058e-07
808756458,0,1.4658278038375584e-06
710982858,0,1.0342969185146174e-05
718451133,0,4.6579940576116066e-05
717991533,0,5.377150458280483e-07
713104458,1,0.9999616122256602
715783758,0,3.041271961336637e-07
716891583,0,1.9615923561872417e-05
714557583,0,0.0015966969239904808
714840858,0,9.400054000841272e-06
788911458,0,3.204092203156349e-06
712521783,0,0.00015274023565326267
716756133,0,3.2593111076935625e-05
793550958,0,0.0002441253698280839
768687183,0,1.783413844467719e-05
778170633,0,2.822300404143099e-07
789307833,0,0.0003178777314976124
718291233,0,6.174843450707224e-06
718984533,0,7.880222049263978e-07
794293908,0,0.000278024659608885
708829758,0,0.00030521901509106524
717016833,0,1.2238585692885159e-05
711339258,0,2.4491151859638955e-05
708754833,0,4.435058943333086e-05
716773533,0,0.0002997465608756433
788896983,0,1.8822747023587185e-05
715694433,0,1.0388572723144728e-05
708403308,0,0.0003688349144463959
715511658,0,1.6137786544681807e-06
717327783,0,2.871318497664545e-05
717384183,0,3.490195925383761e-05
818929158,0,0.0005632838278116149
789539058,0,0.00041000559902594887
718357458,0,0.0012198943987597752
709530408,0,0.00013594258869937655
826245858,1,0.9931277069570991
716800908,0,0.00028076588739058916
714425283,0,9.972519593606673e-06
718345233,0,0.04073062548832486
713128833,0,0.03128374221757896
769577358,0,1.864079143271568e-05
758824608,0,6.168129062992556e-06
716742483,0,0.00488319571344255
710905908,0,8.624151901134873e-06
712902483,0,5.689833157409942e-07
772105608,0,0.0003902124719271523
809951133,1,0.9815517322945418
710015733,1,0.9999071829484816
716893683,1,0.9999206101033704
788808633,0,3.953384602694541e-05
714100008,1,0.9997260606471798
717211608,0,0.00014285659897139813
711008508,0,1.60849354054752e-05
712899333,0,0.0014236675794065527
714091983,0,5.380773483245792e-06
802878408,0,0.00010767771006403056
715958583,0,1.0509723901434202e-05
716142858,0,3.622725584371114e-05
720449208,0,2.8313592193875075e-06
739021908,0,7.840617703473478e-05
817035108,0,2.6758224780033352e-05
718957083,0,5.628136164246561e-07
712084383,0,4.333314454258368e-06
771952683,0,4.8265808246386987e-05
719782458,0,1.292048171303635e-06
721164483,0,2.6212822897722073e-05
806989008,0,2.4918124605412827e-06
709624533,0,0.0022136994887448367
710570058,1,0.999711953102335
713114133,1,0.9999556753960267
771224358,0,7.971183921688862e-05
809440008,1,0.9999931538362672
785515533,0,0.0006305337701986174
713709258,0,1.0708152564301017e-05
708104658,0,0.002319082551280312
817958733,0,1.5244596079462357e-05
721183983,0,4.369221237642727e-05
810220833,0,4.105704767102888e-06
713373708,1,0.9999850552956397
715710708,0,2.864579285026789e-07
717443658,0,3.742581602354259e-05
717915783,1,0.9983648044095137
779217333,0,4.8882488338641155e-06
710794983,0,4.013739640592094e-06
795855258,0,0.00039726592761441177
788719533,0,0.23310418894879142
720782658,0,2.4798416415867763e-06
720034983,0,0.0018048038782300928
713536158,0,7.845261371280198e-07
755262933,0,7.592774179769939e-05
719136183,0,8.618638550866859e-06
715898058,0,4.473087964276318e-05
716315508,1,0.9996065768904467
788667408,0,0.0006367417056846952
768949983,0,0.003920115173297638
778882758,0,7.266282190139753e-06
709465758,0,7.188314710587917e-05
719781183,0,5.162109688601275e-05
720101658,0,0.0010446978072346392
713782608,0,3.5491500073258077e-06
802101858,0,0.0004915556409368562
708757233,0,4.3501443414693595e-06
709711758,1,0.9999186508595004
772000533,0,0.00034677203512487097
720827133,1,0.9999968259206187
789903708,0,4.2267114418680104e-05
719855958,0,9.674403832884024e-06
713254983,0,0.0002072988182451828
709120008,0,0.009707864491599667
720927183,0,0.00011560137316049367
716875083,0,7.978858876765204e-05
716988633,0,2.1217679628338592e-05
711553308,0,1.3465679529634652e-05
788802483,0,2.094558267201541e-06
708908883,0,5.0970433786992934e-05
712644483,0,2.8942145292103393e-05
716311683,0,3.956679624591057e-05
779707308,0,0.00022196194052817418
720595083,0,0.0001104346511087281
715034358,0,0.0008485768846282048
720897783,0,8.638155554929919e-06
826513233,0,0.00047660489899755407
826065258,0,0.00013457863670006485
772426383,0,4.556506937682652e-06
717972408,0,9.436058037814807e-05
708888633,1,0.999996096664928
714916758,0,0.0001392268356751275
710888883,0,0.0004350095819303601
717296808,0,0.00043758212785500225
713847858,1,0.9997570681943138
768728508,0,9.690384295409766e-06
762020133,1,0.9999935064436842
710706558,0,0.11444190828252562
709278258,1,0.996189187310283
710679933,1,0.9981032516097589
713152383,0,0.00012071830976964908
771429408,0,6.14598077857478e-05
770721858,0,0.00013779928836028126
778686408,0,8.276183579517674e-05
771682533,0,6.464458468941924e-05
712378983,1,0.9724832743825494
714615258,1,0.9998212442451829
713027058,1,0.9999812120023795
789485433,0,4.518521427504418e-07
716368008,1,0.9800173415022451
771935283,0,2.371720632310971e-05
779315508,1,0.9939799542470076
794843883,0,0.00027383659550790635
822084333,1,0.9982593411066016
714893733,0,0.0001605609842032692
719474583,0,0.00016667967753708092
717141858,0,3.920721812079577e-06
712714008,0,8.791067003630006e-06
719570733,0,1.705307138628403e-05
720980958,0,0.00013496843092613688
720964683,0,0.0017554368075609968
718263108,1,0.9900794733709912
789101883,0,0.0007071542457890318
809292483,0,0.0007862115801975584
778973658,0,4.618511387014125e-05
708560733,0,6.540130174613324e-05
721171008,0,0.0005156238634391487
781297983,0,3.548023398919678e-05
778228458,0,0.002470413836628549
797668983,0,0.00028027598770436873
713492583,1,0.9999518432253154
715799808,1,0.9996154544466346
711647808,0,8.038149192416468e-05
720840108,0,0.00020281859030281697
711349083,0,0.13306994543370046
721247883,0,9.028043189988936e-07
720497958,0,0.0015354613201032739
719466558,0,0.00041611935470112416
753220383,1,0.99998875861436
757481283,0,0.00020065884477066747
778506633,1,0.9999937076199181
819634233,1,0.9999693284156258
753795633,1,0.9997599241202199
715435758,0,1.7446117963186628e-07
772063308,0,1.8180876829375566e-06
718205283,0,3.3727043576637383e-06
720863133,0,1.927985433856257e-05
709288383,0,4.619052659416599e-06
709213458,1,0.9999840666530087
708670608,0,1.5493698643264655e-05
709150608,0,0.006025656291644973
713105508,0,0.0008174917094928408
716303583,0,2.3132562085875584e-05
787669233,0,7.77546279082155e-06
771488583,0,6.46251087663543e-05
708269583,0,2.8235237815780804e-05
779809908,0,3.0269049081015764e-06
720973833,0,0.00025722850564976904
720236433,0,1.9776916130052257e-05
717895833,0,4.204637860131255e-06
718921683,0,2.734701173354793e-05
713828208,0,0.0039917204009186176
779241783,0,1.6749040833173992e-05
797241108,0,2.53951269642876e-05
716635758,0,4.475908747292742e-05
714536208,0,0.00025163882031807523
709372608,0,1.7898139441991806e-06
769574883,0,0.047948746592616005
718286658,0,2.229195836065248e-06
714839808,0,5.491529633906875e-06
718342158,1,0.9991353340224626
778573233,0,5.026938218523585e-06
715680933,0,0.00026682126261557863
708396033,0,1.9297191595517323e-06
713356833,0,0.00010261928580231625
814593858,0,8.04910193638386e-05
771592458,0,5.805441755667719e-06
827631483,0,7.329285743830592e-05
811721133,0,7.559003384368298e-05
720443358,0,5.463209245505684e-07
709477233,0,4.795116550357905e-07
711942783,0,0.00013471097487681674
768848658,0,0.0002097069556853715
788772708,0,3.628056867013752e-05
717109983,0,5.675798318116337e-06
712128258,0,0.0021109514328822325
720621408,0,0.016534307395930654
710295858,0,9.295174410821728e-06
714647808,0,0.0001804087760159647
712374708,0,1.054292876760181e-05
715547058,1,0.9999948525995599
720539583,0,0.0001321468044342966
712952283,0,3.272273527201072e-06
710475408,0,3.192199661207101e-05
715007583,0,1.8689186544860458e-05
713061558,0,0.006245077580388164
772288758,0,3.6694981995499197e-05
713977308,0,7.29809422502948e-08
801064833,0,1.5818194606068998e-05
708129933,0,8.634716417017583e-05
789167658,0,0.001166531237793921
720286908,0,1.1254721181386878e-06
716565258,0,0.0013821254877570172
708564858,1,0.9993686849157812
778895883,0,5.4405880585379454e-05
709410033,0,3.1301620207309e-05
710745633,0,1.507859030237475e-05
709008708,0,9.638955472192658e-05
714738858,0,5.497037100467906e-07
713639058,1,0.9999887705631877
719739108,0,0.002964807599310055
826079508,0,2.0406082405193792e-06
710795883,0,1.8422933349656766e-05
710404533,0,3.462719061711666e-05
719359458,0,0.0022753618311534807
821837958,0,0.0010645938830363014
710691633,0,2.0490604417136287e-05
779296908,0,0.028660915108215917
710797833,0,3.563192891146493e-05
804337233,0,1.535476198845827e-05
713823033,1,0.9999512185960845
720076458,0,1.7512902495476332e-05
809818008,0,3.170018720122119e-05
717376758,0,5.21825037214892e-07
795844983,0,2.0620622932711543e-05
789368658,0,0.0008487050591989158
720462633,0,6.608119354604288e-06
708938508,0,0.0001551947730852364
709560258,1,0.9990409452120743
717513933,0,0.0001013018773136444
711113958,0,0.00020792969284744866
713995233,0,4.569122687522316e-06
717906783,0,0.0028210784403743918
716516208,0,0.00011086257596624385
756658083,0,0.00027956489084089367
718692258,0,5.3064824216399564e-05
719816583,1,0.984136552541149
787578183,0,4.476904467025345e-07
788699808,0,0.01037681932916747
809320908,0,9.829887005546782e-05
789942033,1,0.9993502852722757
714006333,1,0.9869218036036913
710813733,0,0.00012839768793755296
711679533,0,0.001776404103184938
709212183,0,0.0005893450423917673
807523008,0,2.1548993420448423e-05
787480158,0,6.135352369095828e-06
711272058,0,2.0430262561947105e-05
720033033,0,3.0459077296966917e-06
794124708,0,1.2891515030241984e-05
790164408,0,0.00017374358320464744
714831033,0,4.8774906123391094e-05
718731183,1,0.9999334542241272
827888433,0,8.167732568195648e-05
711992133,0,8.79571422419299e-07
711809283,0,6.685656659354507e-05
714574083,0,0.0011991699733007663
769189083,0,9.70891659003844e-06
711968358,0,3.5205710937557472e-06
711750183,0,0.00011083090518995906
716511483,0,0.00012041056615564624
800869758,0,3.2106027001788504e-06
715235808,0,1.3013098010972098e-06
714199983,0,1.6943162543209482e-07
718540308,0,3.282836112443015e-06
716460933,0,5.1165938811975156e-05
780277458,0,4.851450585881999e-06
798011733,0,2.7074823699879066e-06
714046608,0,0.00027544438005510486
713396358,0,2.196407240429403e-05
714005508,0,3.231890988929448e-05
717444558,0,6.919696919664894e-06
713905608,0,2.656679693896032e-05
711126483,0,0.00035694572740761163
714602658,1,0.999979377471543
716019333,0,5.038693802975414e-07
714869958,0,2.289704985611127e-06
778459833,0,0.0001903245911796558
789309558,0,0.012546335088799716
756736008,0,0.0010450047255954214
779883933,0,8.0817011682395e-05
709343433,0,0.000191889839914652
806908608,0,2.98833662529026e-05
720521808,0,0.0005568493379465687
709523508,0,5.3942235653266275e-05
708373083,1,0.9918126138813947
713325108,0,0.0012169959839832655
819214233,0,0.006450373748970867
713188383,0,0.001201922881236691
770778108,0,1.981295908220307e-06
716610558,0,0.0006268691925707826
715174158,0,0.00032056645212983747
779608083,0,3.0236685389427457e-05
780200208,0,0.00031157816348768315
718675158,1,0.9999345788364065
817977933,1,0.9993431556194874
755273658,0,4.241478813590576e-06
715022133,0,0.00019933443638050024
719804208,0,2.908910748256199e-07
780056733,0,0.00012790103851814186
780373233,0,3.745867750563541e-05
817188408,0,0.0001744265369780917
772073508,1,0.9999957973770552
803805483,0,2.711302254752137e-05
717823383,0,3.0059138463861046e-06
789907533,1,0.9999657113855777
788259558,0,8.08317741888578e-06
815515158,0,1.5235182418839093e-06
713884458,0,0.00014278099106829437
789717708,0,2.5986471206629475e-06
708160008,0,3.861662667473731e-06
708702258,1,0.9998951393760729
789023508,0,0.0001530885085441972
719265108,0,0.000798000264866416
813213558,0,0.0005787037062016039
802460433,1,0.999992192447585
717995958,0,1.0937000972411793e-06
710697408,0,2.7445842515453927e-05
805458933,0,7.248842069912693e-05
713850783,0,0.000580006745159157
713876958,0,0.00046323236284833704
718926258,0,0.0001099457297361176
717585858,0,0.00015498198828570859
710303208,0,7.631887558325099e-05
770647233,0,0.0017853345089087868
715459158,0,1.538130824267307e-06
789185508,0,0.0001237512059408452
779305008,0,0.00013237258272177555
713343333,0,1.1404407877675768e-05
749067633,0,0.0012528922700205177
811713408,0,5.332777592755695e-06
789990333,0,0.0014141488480198853
788770908,0,0.000100815871319932
709411383,0,5.215883458571416e-06
708361833,0,3.2551369517092306e-05
712801758,0,1.2356695539349689e-05
721179708,0,5.252746036367775e-05
708511983,0,3.3806750057935068e-06
711388458,0,0.00047020545612421193
720486408,0,0.0003574279374468019
709157133,0,0.00011115292125993768
712240083,1,0.9999700961749125
782802033,1,0.9999051022889751
712091433,0,9.174162286551184e-05
720494058,0,7.413792567425192e-05
710277183,0,2.4699964315641938e-06
789804933,0,3.6658147659473998e-06
719022558,0,1.3486540917696255e-06
714573258,0,0.0005677759514893034
709919283,0,0.00010151846832754439
716481408,0,0.0002449894200616204
719038008,0,0.000518070398483468
793456983,0,8.39276893414011e-06
720597108,1,0.9983349086184764
715233108,0,2.957325653493359e-06
709220583,0,0.0019257757742941533
779324358,0,0.012326596124947907
712112733,0,4.744527077929485e-05
714443058,1,0.9999822904084074
711109908,0,7.029942498014924e-05
717464958,0,0.0008473106420871753
713701533,0,1.831407525422518e-06
772565883,0,1.0529583093878293e-06
758765808,0,0.13042098647464323
716851908,0,0.00027237112123887494
721500108,0,2.609111602329388e-05
820268358,0,6.319754024897112e-07
717171408,0,0.00038843263604860454
713567958,0,8.025378359508105e-05
716512383,0,0.03777548708909844
713008308,0,0.00022607120802360238
780942633,0,0.0002147710276341839
716249508,0,9.687908241429472e-06
714909108,0,0.0003336458937537985
778708533,1,0.9990122876988835
772725408,0,1.4058898678211158e-05
709534083,1,0.9999978413872765
817144458,0,5.398527766956957e-06
807157833,0,6.195542328427373e-07
716371308,0,0.0007987528827774691
716332533,0,6.953566651295254e-05
716924958,1,0.9998675656053325
720904233,0,0.0001726060230896541
711964533,0,6.347386149178693e-05
788715483,0,1.1559669463219921e-06
788832033,0,0.00011408136230687776
716022258,1,0.9998529599338859
712208658,0,5.242000009699295e-06
710482533,0,5.027584812789379e-05
717661908,0,1.5603751756539814e-05
720254883,0,8.882843712513792e-05
719532108,0,0.006863075599720236
779610033,1,0.999729820525649
819977058,0,7.790914759540688e-07
772202058,0,8.683606565092436e-05
717658758,0,4.8399250068075956e-05
720467583,0,2.6889779415146534e-07
713314533,1,0.9996342358344297
719318583,1,0.9998480004257544
789122808,1,0.999228727472502
708525108,0,1.1412584132599915e-07
779662308,0,7.555246296701287e-05
717180633,0,0.001129144740291151
713000058,0,0.006127298690931787
709747308,0,8.9035137629012e-05
712235433,1,0.9999386214496019
712405908,0,3.4673837082010067e-06
778885158,0,2.85795198922103e-06
789143283,0,4.107884092566282e-06
721233033,1,0.999649233824134
718486608,0,5.801350788421396e-06
713249883,0,4.440783229870363e-06
797743233,0,6.748930189737345e-07
778346283,0,0.00020718345845254052
721113333,0,4.608631210262336e-05
720707283,0,0.038772719752833515
788997408,0,6.474110200540141e-05
710456658,0,3.0593787030199736e-05
808796208,0,0.00012257505446255
713685033,1,0.9999912422794314
788912658,0,1.798415988105817e-05
712157958,1,0.9997393702772959
711148308,0,7.096668639377967e-06
719117433,0,0.001045274997547542
